City_ID,City,Country,Date,Lat,Lng,Max Temp,Humidity,Cloudiness,Wind Speed
0,Hobart,AU,2022-01-31 01:49:01,-42.8794,147.3294,83.23,59,20,1.01
1,Tonantins,BR,2022-01-31 01:49:02,-2.8731,-67.8022,74.05,95,100,3.13
2,Rikitea,PF,2022-01-31 01:48:59,-23.1203,-134.9692,77.29,64,100,5.39
3,Busselton,AU,2022-01-31 01:49:02,-33.65,115.3333,73.04,44,99,17.45
4,Avarua,CK,2022-01-31 01:49:02,-21.2078,-159.775,77.05,83,100,5.75
5,Broome,US,2022-01-31 01:49:03,42.2506,-75.833,11.01,79,34,4.0
6,Hermanus,ZA,2022-01-31 01:48:55,-34.4187,19.2345,72.81,82,100,13.87
7,Paamiut,GL,2022-01-31 01:49:03,61.994,-49.6678,22.1,94,100,9.82
8,Monrovia,LR,2022-01-31 01:49:03,6.3005,-10.7969,78.8,86,9,2.95
9,Kaitangata,NZ,2022-01-31 01:45:12,-46.2817,169.8464,68.94,72,62,5.99
10,Barrow,US,2022-01-31 01:49:04,71.2906,-156.7887,-9.38,77,100,9.22
11,Mataura,NZ,2022-01-31 01:49:00,-46.1927,168.8643,70.48,50,81,3.65
12,Fairbanks,US,2022-01-31 01:45:18,64.8378,-147.7164,-17.9,72,0,0.0
13,Klaksvik,FO,2022-01-31 01:49:04,62.2266,-6.589,34.72,54,97,39.01
14,Port Alfred,ZA,2022-01-31 01:46:30,-33.5906,26.891,72.7,89,100,13.98
15,Castro,BR,2022-01-31 01:49:01,-24.7911,-50.0119,62.51,99,100,8.08
16,Chokurdakh,RU,2022-01-31 01:49:05,70.6333,147.9167,-28.86,98,18,2.01
17,Muzhi,RU,2022-01-31 01:49:05,65.3667,64.6667,-6.54,100,100,2.55
18,Punta Arenas,CL,2022-01-31 01:47:59,-53.15,-70.9167,48.31,61,75,29.93
19,Ribeira Grande,PT,2022-01-31 01:49:05,38.5167,-28.7,59.23,74,73,22.01
20,Saint George,US,2022-01-31 01:49:06,37.1041,-113.5841,57.79,22,0,1.99
21,Kodiak,US,2022-01-31 01:48:49,57.79,-152.4072,26.11,74,0,9.22
22,Buala,SB,2022-01-31 01:49:06,-8.145,159.5921,85.96,67,99,3.62
23,Makakilo City,US,2022-01-31 01:49:07,21.3469,-158.0858,77.32,54,100,10.36
24,Malanje,AO,2022-01-31 01:49:07,-9.5402,16.341,63.77,96,100,3.69
25,Lebu,CL,2022-01-31 01:45:54,-37.6167,-73.65,57.49,75,1,19.91
26,Souillac,MU,2022-01-31 01:49:07,-20.5167,57.5167,79.18,94,75,8.05
27,Ushuaia,AR,2022-01-31 01:46:14,-54.8,-68.3,44.26,70,75,23.02
28,Sao Jose Da Coroa Grande,BR,2022-01-31 01:49:08,-8.8978,-35.1478,78.87,80,45,7.27
29,Vandoeuvre-Les-Nancy,FR,2022-01-31 01:49:08,48.65,6.1833,41.14,80,100,4.61
30,Kathmandu,NP,2022-01-31 01:47:20,27.7167,85.3167,39.42,100,20,3.44
31,Iqaluit,CA,2022-01-31 01:49:08,63.7506,-68.5145,-20.47,76,0,4.61
32,Nizwa,OM,2022-01-31 01:49:09,22.9333,57.5333,64.45,45,0,1.03
33,Moundsville,US,2022-01-31 01:49:09,39.9203,-80.7431,26.55,97,51,2.48
34,Salamanca,ES,2022-01-31 01:49:09,40.8333,-6.0,22.78,46,6,1.34
35,Bluff,NZ,2022-01-31 01:49:09,-46.6,168.3333,70.81,83,90,3.96
36,Dikson,RU,2022-01-31 01:49:10,73.5069,80.5464,-5.13,94,100,22.01
37,Onalaska,US,2022-01-31 01:49:10,43.8844,-91.2351,23.47,81,0,3.44
38,Colares,PT,2022-01-31 01:49:10,38.7992,-9.4469,56.39,39,0,5.01
39,Albany,US,2022-01-31 01:48:58,42.6001,-73.9662,14.52,56,32,3.49
40,Vao,NC,2022-01-31 01:49:11,-22.6667,167.4833,79.41,81,94,6.38
41,Namibe,AO,2022-01-31 01:47:44,-15.1961,12.1522,70.21,78,90,5.32
42,Valparaiso,CL,2022-01-31 01:49:11,-33.0393,-71.6273,64.04,77,0,2.3
43,Thompson,CA,2022-01-31 01:49:11,55.7435,-97.8558,-0.24,85,0,5.75
44,Saskylakh,RU,2022-01-31 01:49:12,71.9167,114.0833,-23.76,100,93,2.68
45,Cape Town,ZA,2022-01-31 01:49:12,-33.9258,18.4232,70.21,78,0,3.0
46,Port Hedland,AU,2022-01-31 01:49:10,-20.3167,118.5667,95.05,41,100,6.91
47,Abu Zabad,SD,2022-01-31 01:50:12,12.35,29.25,57.47,19,0,10.04
48,Mount Isa,AU,2022-01-31 01:50:13,-20.7333,139.5,83.97,74,75,6.91
49,Cukai,MY,2022-01-31 01:50:13,4.25,103.4167,77.14,69,81,5.06
50,Norman Wells,CA,2022-01-31 01:46:16,65.282,-126.8329,-25.56,68,75,0.0
51,Oktyabrskiy,RU,2022-01-31 01:50:13,54.4815,53.471,21.38,96,90,6.53
52,Cherskiy,RU,2022-01-31 01:50:14,68.75,161.3,-27.65,99,47,1.12
53,Butaritari,KI,2022-01-31 01:50:14,3.0707,172.7902,81.88,76,65,20.13
54,Kelo,TD,2022-01-31 01:50:14,9.3086,15.8066,66.4,18,64,6.22
55,Bambous Virieux,MU,2022-01-31 01:50:15,-20.3428,57.7575,79.05,94,75,8.05
56,Codrington,AU,2022-01-31 01:50:15,-38.2667,141.9667,81.23,51,3,9.91
57,Hilo,US,2022-01-31 01:46:55,19.7297,-155.09,76.24,73,24,4.0
58,Necochea,AR,2022-01-31 01:50:16,-38.5473,-58.7368,62.04,71,100,13.53
59,Guerrero Negro,MX,2022-01-31 01:50:16,27.9769,-114.0611,61.02,65,55,11.27
60,Bathsheba,BB,2022-01-31 01:48:50,13.2167,-59.5167,77.61,73,40,12.66
61,Lasa,IT,2022-01-31 01:50:16,46.6166,10.7002,44.06,37,34,5.12
62,Boffa,GN,2022-01-31 01:50:17,10.1667,-14.0333,75.51,91,3,2.08
63,Kahului,US,2022-01-31 01:50:17,20.8947,-156.47,84.22,55,20,16.11
64,New Norfolk,AU,2022-01-31 01:50:17,-42.7826,147.0587,82.89,26,0,1.99
65,Concordia,AR,2022-01-31 01:50:18,-31.393,-58.0209,78.78,52,0,4.0
66,Tasiilaq,GL,2022-01-31 01:50:07,65.6145,-37.6368,-2.81,58,100,7.65
67,Osypenko,UA,2022-01-31 01:50:18,46.9136,36.8253,32.85,92,100,12.39
68,Mar Del Plata,AR,2022-01-31 01:48:53,-38.0023,-57.5575,67.87,76,100,13.0
69,Hovd,MN,2022-01-31 01:50:18,48.0056,91.6419,-14.19,80,37,2.04
70,Ngong,KE,2022-01-31 01:50:19,-1.3618,36.6566,60.53,88,75,5.75
71,East London,ZA,2022-01-31 01:47:54,-33.0153,27.9116,73.2,85,100,13.2
72,Nhulunbuy,AU,2022-01-31 01:50:19,-12.2333,136.7667,84.81,79,75,16.11
73,Vaini,TO,2022-01-31 01:49:06,-21.2,-175.2,81.37,71,100,12.3
74,Burnie,AU,2022-01-31 01:47:36,-41.0667,145.9167,73.94,70,64,5.91
75,Khatanga,RU,2022-01-31 01:50:19,71.9667,102.5,-6.09,98,98,8.46
76,Miri,MY,2022-01-31 01:50:20,4.4148,114.0089,78.94,89,20,5.75
77,Samarai,PG,2022-01-31 01:50:20,-10.6167,150.6667,84.09,68,100,12.57
78,Kavaratti,IN,2022-01-31 01:50:21,10.5669,72.642,81.25,72,3,7.07
79,Sao Filipe,CV,2022-01-31 01:50:21,14.8961,-24.4956,71.38,71,100,11.01
80,Kalmunai,LK,2022-01-31 01:50:21,7.4167,81.8167,77.43,84,44,5.06
81,Balikpapan,ID,2022-01-31 01:47:21,-1.2675,116.8289,79.79,83,20,5.75
82,Tecoanapa,MX,2022-01-31 01:50:21,16.5167,-98.75,79.83,73,45,4.65
83,Bredasdorp,ZA,2022-01-31 01:50:07,-34.5322,20.0403,72.28,88,100,6.91
84,Luau,AO,2022-01-31 01:50:22,-10.7073,22.2247,61.99,96,99,3.24
85,Asau,RO,2022-01-31 01:49:18,46.4333,26.4,33.28,72,71,14.5
86,Aldan,RU,2022-01-31 01:50:22,58.6031,125.3894,-8.21,97,100,2.3
87,Portland,US,2022-01-31 01:48:10,45.5234,-122.6762,51.73,91,100,1.99
88,Roros,NO,2022-01-31 01:50:23,62.5747,11.3842,17.44,93,100,5.75
89,Puerto Ayora,EC,2022-01-31 01:49:05,-0.7393,-90.3518,73.35,84,100,5.03
90,Rujewa,TZ,2022-01-31 01:51:23,-8.7,34.3833,61.41,93,74,2.93
91,Zhigansk,RU,2022-01-31 01:49:10,66.7697,123.3711,-32.55,100,96,0.78
92,Tondano,ID,2022-01-31 01:51:24,1.3038,124.9112,78.89,60,90,6.22
93,Smithers,CA,2022-01-31 01:50:15,54.7804,-127.1743,30.52,80,75,4.61
94,Sosva,RU,2022-01-31 01:51:24,59.1766,61.8558,4.39,97,100,2.3
95,Clyde River,CA,2022-01-31 01:51:24,70.4692,-68.5914,-23.57,76,0,4.61
96,Hambantota,LK,2022-01-31 01:51:24,6.1241,81.1185,73.74,100,20,4.61
97,Kawalu,ID,2022-01-31 01:51:25,-7.3817,108.2082,81.43,75,97,0.27
98,Salinopolis,BR,2022-01-31 01:51:25,-0.6136,-47.3561,77.52,87,99,8.7
99,Yellowknife,CA,2022-01-31 01:49:09,62.456,-114.3525,-8.59,87,75,6.91
100,Nizhniy Kislyay,RU,2022-01-31 01:51:25,50.8497,40.1719,31.53,94,100,14.7
101,Antalaha,MG,2022-01-31 01:51:26,-14.9003,50.2788,75.04,86,14,7.07
102,Kapaa,US,2022-01-31 01:48:21,22.0752,-159.319,80.47,67,20,1.99
103,Vrangel,RU,2022-01-31 01:51:26,42.7297,133.0839,16.52,51,3,10.29
104,Atuona,PF,2022-01-31 01:50:29,-9.8,-139.0333,78.33,75,21,17.18
105,Saint-Philippe,RE,2022-01-31 01:51:03,-21.3585,55.7679,74.79,86,65,11.14
106,Georgetown,MY,2022-01-31 01:51:26,5.4112,100.3354,82.33,88,20,1.99
107,Ponta Delgada,PT,2022-01-31 01:51:27,37.7333,-25.6667,59.72,72,20,17.27
108,Urusha,RU,2022-01-31 01:51:27,54.05,122.9,0.95,71,90,3.96
109,Taltal,CL,2022-01-31 01:50:10,-25.4,-70.4833,65.97,77,16,4.25
110,Arraial Do Cabo,BR,2022-01-31 01:48:50,-22.9661,-42.0278,74.89,94,100,6.78
111,Provideniya,RU,2022-01-31 01:49:25,64.3833,-173.3,10.51,67,0,22.37
112,Moron,AR,2022-01-31 01:51:27,-34.6534,-58.6198,80.98,57,7,4.99
113,Gazanjyk,TM,2022-01-31 01:51:28,39.2446,55.5154,40.46,62,26,2.82
114,Nikolskoye,RU,2022-01-31 01:51:28,59.7035,30.7861,26.49,97,100,5.12
115,Klyuchi,RU,2022-01-31 01:51:28,52.2667,79.1667,10.69,94,100,7.87
116,Jamestown,US,2022-01-31 01:51:29,42.097,-79.2353,15.44,79,100,0.0
117,Lida,BY,2022-01-31 01:51:29,53.8833,25.2997,27.7,94,100,20.54
118,Ponta Do Sol,PT,2022-01-31 01:51:29,32.6667,-17.1,65.12,35,0,10.13
119,Sechura,PE,2022-01-31 01:51:30,-5.5569,-80.8222,72.63,74,100,13.2
120,Saldanha,ZA,2022-01-31 01:51:30,-33.0117,17.9442,65.16,91,100,4.03
121,Lazaro Cardenas,MX,2022-01-31 01:51:30,17.9583,-102.2,76.15,69,0,5.17
122,Geraldton,AU,2022-01-31 01:47:29,-28.7667,114.6,84.13,57,0,12.66
123,Mahebourg,MU,2022-01-31 01:51:31,-20.4081,57.7,79.09,94,75,8.05
124,Trincomalee,LK,2022-01-31 01:51:31,8.5711,81.2335,80.35,72,67,12.66
125,Mumford,GH,2022-01-31 01:51:31,5.2618,-0.759,77.81,78,100,3.89
126,Pimentel,PE,2022-01-31 01:51:32,-6.8367,-79.9342,70.18,81,100,12.86
127,Tucuma,BR,2022-01-31 01:51:32,-0.1833,-50.05,74.28,94,77,4.54
128,Kyshtovka,RU,2022-01-31 01:51:32,56.555,76.6271,12.99,95,95,7.72
129,Mareeba,AU,2022-01-31 01:51:32,-17.0,145.4333,90.32,70,98,1.95
130,Teya,RU,2022-01-31 01:48:59,60.3778,92.6267,-2.22,99,100,2.64
131,Merauke,ID,2022-01-31 01:51:33,-8.4667,140.3333,84.83,68,100,8.84
132,Amurzet,RU,2022-01-31 01:51:33,47.6967,131.0981,1.74,85,8,6.04
133,Tuktoyaktuk,CA,2022-01-31 01:48:22,69.4541,-133.0374,-0.4,78,100,24.16
134,Victoria,HK,2022-01-31 01:46:56,22.2855,114.1577,59.32,75,99,3.0
135,Derzhavinsk,KZ,2022-01-31 01:51:34,51.1,66.3167,16.77,95,91,14.72
136,Vila Velha,BR,2022-01-31 01:51:34,-20.3297,-40.2925,80.55,89,20,1.01
137,Upata,VE,2022-01-31 01:52:34,8.0086,-62.3989,76.19,81,80,4.54
138,Fethiye,TR,2022-01-31 01:52:34,36.6217,29.1164,48.07,78,100,5.97
139,Honningsvag,NO,2022-01-31 01:50:13,70.9821,25.9704,32.7,72,100,19.44
140,Fort Nelson,CA,2022-01-31 01:49:45,58.8053,-122.7002,-2.61,78,75,9.22
141,Burdur,TR,2022-01-31 01:52:35,37.7203,30.2908,32.7,93,75,16.11
142,Umiray,PH,2022-01-31 01:52:35,15.2206,121.4111,78.73,76,91,10.11
143,Toktogul,KG,2022-01-31 01:52:35,41.8708,72.9402,19.04,62,13,3.42
144,Juneau,US,2022-01-31 01:52:36,58.3019,-134.4197,33.8,86,75,6.91
145,Roura,GF,2022-01-31 01:52:36,4.7263,-52.3274,78.96,94,20,0.0
146,Qaqortoq,GL,2022-01-31 01:52:36,60.7167,-46.0333,17.37,89,100,25.55
147,Beringovskiy,RU,2022-01-31 01:52:37,63.05,179.3167,-4.59,96,100,10.78
148,Tupik,RU,2022-01-31 01:52:37,54.4253,119.9327,-4.11,84,99,3.96
149,Tokur,RU,2022-01-31 01:52:37,53.1333,132.9,-3.26,87,80,0.89
150,Ayan,RU,2022-01-31 01:52:38,56.45,138.1667,3.33,64,100,17.0
151,Maues,BR,2022-01-31 01:52:38,-3.3836,-57.7186,73.54,93,100,1.72
152,Upernavik,GL,2022-01-31 01:49:26,72.7868,-56.1549,-6.68,97,100,3.38
153,Hithadhoo,MV,2022-01-31 01:52:08,-0.6,73.0833,82.09,71,4,10.85
154,Pangnirtung,CA,2022-01-31 01:52:38,66.1451,-65.7125,-21.08,85,92,5.01
155,Sinop,TR,2022-01-31 01:52:39,41.7711,34.8709,27.61,85,100,9.93
156,Tiksi,RU,2022-01-31 01:48:49,71.6872,128.8694,-17.97,100,100,3.83
157,La Ronge,CA,2022-01-31 01:52:39,55.1001,-105.2842,12.45,79,100,5.75
158,Kandrian,PG,2022-01-31 01:52:39,-6.2167,149.55,88.81,61,99,13.98
159,Carnarvon,AU,2022-01-31 01:47:42,-24.8667,113.6333,86.07,58,35,18.41
160,Nishihara,JP,2022-01-31 01:52:40,26.1842,127.7558,58.68,65,75,9.22
161,Leningradskiy,RU,2022-01-31 01:52:40,69.3833,178.4167,-14.85,94,81,4.45
162,Samana,DO,2022-01-31 01:52:40,19.2056,-69.3369,73.15,85,18,3.83
163,Gweta,BW,2022-01-31 01:52:41,-20.1833,25.2333,69.22,88,99,10.74
164,Berlevag,NO,2022-01-31 01:52:41,70.8578,29.0864,29.25,65,80,7.47
165,Eyl,SO,2022-01-31 01:52:41,7.9803,49.8164,73.53,77,100,14.88
166,Camacha,PT,2022-01-31 01:52:42,33.0833,-16.3333,61.56,82,20,17.27
167,Kafanchan,NG,2022-01-31 01:52:42,9.5833,8.3,63.88,17,100,10.56
168,Akdagmadeni,TR,2022-01-31 01:52:42,39.6603,35.8836,26.51,96,100,5.28
169,Baykit,RU,2022-01-31 01:52:43,61.67,96.37,-3.5,99,100,0.29
170,San Juan,AR,2022-01-31 01:52:43,-31.5375,-68.5364,86.74,29,0,13.04
171,Anadyr,RU,2022-01-31 01:52:43,64.75,177.4833,-12.5,75,0,8.95
172,Poya,NC,2022-01-31 01:47:51,-21.35,165.15,86.04,62,95,6.38
173,Mount Gambier,AU,2022-01-31 01:52:38,-37.8333,140.7667,75.11,69,3,4.61
174,Belogorsk,RU,2022-01-31 01:52:44,50.9158,128.4611,-2.94,90,12,5.46
175,Labuhan,ID,2022-01-31 01:52:44,-6.8844,112.2051,82.38,77,100,8.34
176,Dakoro,NE,2022-01-31 01:52:44,14.5106,6.765,60.12,17,5,15.68
177,Solnechnyy,RU,2022-01-31 01:50:12,50.7214,136.6319,1.0,91,94,3.33
178,Chapais,CA,2022-01-31 01:52:45,49.7834,-74.8492,-7.82,98,97,3.85
179,Aleysk,RU,2022-01-31 01:52:45,52.4926,82.7822,3.29,95,100,3.27
180,North Platte,US,2022-01-31 01:51:45,41.1239,-100.7654,46.26,31,0,1.01
181,Port Elizabeth,ZA,2022-01-31 01:52:18,-33.918,25.5701,68.29,94,20,10.36
182,Novi Pazar,RS,2022-01-31 01:53:45,43.1367,20.5122,28.56,89,15,4.88
183,Port Macquarie,AU,2022-01-31 01:49:28,-31.4333,152.9167,84.88,71,37,8.23
184,Pokhara,NP,2022-01-31 01:53:46,28.2333,83.9833,51.21,68,95,1.03
185,Ahipara,NZ,2022-01-31 01:53:46,-35.1667,173.1667,75.15,58,100,14.43
186,Yeppoon,AU,2022-01-31 01:53:46,-23.1333,150.7333,89.38,64,39,10.22
187,Lake City,US,2022-01-31 01:53:47,30.1897,-82.6393,46.11,65,0,5.75
188,Hong Gai,VN,2022-01-31 01:53:47,20.956,107.0946,53.51,88,100,5.7
189,Santa Maria,BR,2022-01-31 01:53:47,-29.6842,-53.8069,70.9,88,0,5.75
190,Alofi,NU,2022-01-31 01:53:48,-19.0595,-169.9187,80.49,78,100,6.91
191,Resistencia,AR,2022-01-31 01:53:48,-27.4606,-58.9839,83.08,32,0,6.91
192,Isparta,TR,2022-01-31 01:53:48,38.0,31.0,27.36,100,100,13.91
193,Haapiti,PF,2022-01-31 01:53:49,-17.5667,-149.8667,83.93,71,45,9.78
194,Xuddur,SO,2022-01-31 01:53:49,4.1213,43.8894,66.04,78,85,13.82
195,Nabire,ID,2022-01-31 01:53:49,-3.3667,135.4833,83.25,63,100,1.43
196,San Policarpo,PH,2022-01-31 01:53:50,12.1791,125.5072,81.3,77,54,4.54
197,Djambala,CG,2022-01-31 01:53:50,-2.5447,14.7533,69.4,85,97,3.11
198,Sola,VU,2022-01-31 01:53:50,-13.8833,167.55,78.49,84,100,10.94
199,Tefe,BR,2022-01-31 01:53:50,-3.3542,-64.7114,72.82,98,67,2.75
200,Lompoc,US,2022-01-31 01:53:51,34.6391,-120.4579,62.13,77,20,5.75
201,Channel-Port Aux Basques,CA,2022-01-31 01:53:51,47.5702,-59.1367,25.21,80,100,26.98
202,Ancud,CL,2022-01-31 01:53:51,-41.8697,-73.8203,52.43,74,30,5.95
203,Richards Bay,ZA,2022-01-31 01:53:52,-28.783,32.0377,70.07,90,98,6.4
204,Ulladulla,AU,2022-01-31 01:53:52,-35.35,150.4667,86.77,63,43,10.18
205,Severo-Kurilsk,RU,2022-01-31 01:53:52,50.6789,156.125,28.44,96,100,7.49
206,Shelburne,CA,2022-01-31 01:52:07,44.0787,-80.2041,17.49,93,30,8.7
207,Margate,GB,2022-01-31 01:53:52,51.3813,1.3862,46.89,74,41,10.0
208,Yarmouth,US,2022-01-31 01:53:53,41.7057,-70.2286,20.98,73,0,5.75
209,Fasa,IR,2022-01-31 01:53:53,28.9383,53.6482,36.64,81,0,4.61
210,Luderitz,NA,2022-01-31 01:53:53,-26.6481,15.1594,63.81,92,69,6.53
211,Cuenca,EC,2022-01-31 01:53:54,-2.8833,-78.9833,57.33,88,75,8.05
212,Krasnoselkup,RU,2022-01-31 01:53:54,65.7,82.4667,3.49,95,100,9.51
213,Gejiu,CN,2022-01-31 01:53:54,23.306,103.1635,40.91,92,99,4.72
214,Kamaishi,JP,2022-01-31 01:53:54,39.2667,141.8833,29.35,45,91,13.4
215,Haines Junction,CA,2022-01-31 01:53:55,60.7522,-137.5108,6.75,56,39,10.36
216,Isangel,VU,2022-01-31 01:49:23,-19.55,169.2667,82.51,83,75,4.61
217,San Patricio,US,2022-01-31 01:53:55,28.017,-97.5169,64.38,76,100,10.8
218,Todos Santos,MX,2022-01-31 01:53:55,23.45,-110.2167,72.01,76,50,7.94
219,Natal,BR,2022-01-31 01:49:47,-5.795,-35.2094,79.45,94,20,5.75
220,Qaanaaq,GL,2022-01-31 01:53:56,77.484,-69.3632,-4.18,94,100,3.71
221,Narsaq,GL,2022-01-31 01:53:56,60.9167,-46.05,17.58,89,100,22.37
222,Inhambane,MZ,2022-01-31 01:53:56,-23.865,35.3833,73.65,82,16,5.61
223,Sorong,ID,2022-01-31 01:53:57,-0.8833,131.25,82.38,76,100,14.9
224,Roseburg,US,2022-01-31 01:53:57,43.2165,-123.3417,56.14,69,100,4.05
225,Asosa,ET,2022-01-31 01:53:57,10.0667,34.5333,61.09,35,5,4.45
226,Bac Lieu,VN,2022-01-31 01:54:58,9.285,105.7244,82.2,66,6,16.08
227,Tungor,RU,2022-01-31 01:54:58,53.3808,142.9564,9.64,91,100,22.26
228,Buta,CD,2022-01-31 01:54:58,2.7858,24.73,67.12,42,100,1.43
229,Cidreira,BR,2022-01-31 01:54:59,-30.1811,-50.2056,73.62,72,0,18.79
230,Itarema,BR,2022-01-31 01:54:59,-2.9248,-39.9167,78.93,83,100,11.32
231,San Jeronimo,PE,2022-01-31 01:54:59,-11.9472,-75.2829,43.84,95,100,1.63
232,Bengkulu,ID,2022-01-31 01:52:41,-3.8004,102.2655,77.49,85,100,3.94
233,Westport,US,2022-01-31 01:50:11,41.1415,-73.3579,24.94,62,0,1.01
234,Vanimo,PG,2022-01-31 01:55:00,-2.6741,141.3028,80.29,79,100,11.9
235,Banda Aceh,ID,2022-01-31 01:55:00,5.5577,95.3222,80.55,73,22,6.08
236,Constantine,DZ,2022-01-31 01:55:00,36.365,6.6147,33.21,80,0,3.44
237,Jalu,LY,2022-01-31 01:55:00,29.0331,21.5482,51.93,73,64,9.98
238,Nuuk,GL,2022-01-31 01:55:01,64.1835,-51.7216,2.95,73,100,12.35
239,Te Anau,NZ,2022-01-31 01:55:01,-45.4167,167.7167,74.26,57,95,5.5
240,Inuvik,CA,2022-01-31 01:55:01,68.3499,-133.7218,4.06,85,100,11.5
241,Sitka,US,2022-01-31 01:52:31,57.0531,-135.33,39.09,70,20,0.0
242,Visby,SE,2022-01-31 01:55:02,57.6409,18.296,34.02,64,100,23.02
243,Cururupu,BR,2022-01-31 01:55:02,-1.8283,-44.8683,73.29,90,99,6.53
244,Oyama,JP,2022-01-31 01:55:03,36.3,139.8,47.53,25,0,6.64
245,Esperance,AU,2022-01-31 01:55:03,-33.8667,121.9,69.64,72,62,18.61
246,Hofn,IS,2022-01-31 01:50:06,64.2539,-15.2082,26.1,45,100,16.49
247,Yar-Sale,RU,2022-01-31 01:55:03,66.8333,70.8333,-3.12,95,93,8.12
248,Arti,RU,2022-01-31 01:55:04,56.4234,58.5328,7.88,98,96,3.18
249,Kavieng,PG,2022-01-31 01:50:10,-2.5744,150.7967,83.21,71,100,2.21
250,Surt,LY,2022-01-31 01:55:04,31.2089,16.5887,56.61,69,88,16.26
251,Kapoeta,SS,2022-01-31 01:52:33,4.7717,33.5903,77.49,29,99,2.3
252,Muroto,JP,2022-01-31 01:55:04,33.2833,134.15,48.24,46,6,14.58
253,Chumikan,RU,2022-01-31 01:55:05,54.7183,135.315,1.65,78,100,19.51
254,North Port,US,2022-01-31 01:53:56,27.0442,-82.2359,49.98,55,0,6.58
255,Sur,OM,2022-01-31 01:55:05,22.5667,59.5289,69.49,66,0,2.39
256,Shache,CN,2022-01-31 01:55:06,38.4167,77.2406,25.72,41,100,1.77
257,Bobo Dioulasso,BF,2022-01-31 01:55:06,11.1771,-4.2979,72.05,15,75,9.22
258,Kieta,PG,2022-01-31 01:55:06,-6.2167,155.6333,85.98,69,100,8.01
259,San Joaquin,US,2022-01-31 01:55:07,37.9333,-121.3011,59.14,60,3,1.99
260,Torbay,CA,2022-01-31 01:50:37,47.6666,-52.7314,36.57,80,75,27.63
261,Usinsk,RU,2022-01-31 01:55:07,65.9939,57.5281,10.02,93,100,12.24
262,Kudahuvadhoo,MV,2022-01-31 01:55:07,2.6708,72.8944,81.99,74,10,13.67
263,Saint Anthony,US,2022-01-31 01:53:16,45.0205,-93.218,17.74,81,91,1.01
264,Wasilla,US,2022-01-31 01:55:08,61.5814,-149.4394,20.32,84,0,0.0
265,Pengcheng,CN,2022-01-31 01:55:08,36.4311,114.17,35.98,19,0,15.95
266,Poum,NC,2022-01-31 01:55:08,-20.2333,164.0167,80.51,74,100,10.67
267,Elverum,NO,2022-01-31 01:55:08,60.8819,11.5623,11.59,95,40,2.84
268,Kununurra,AU,2022-01-31 01:55:03,-15.7667,128.7333,85.98,70,100,18.41
269,Grindavik,IS,2022-01-31 01:55:09,63.8424,-22.4338,27.07,86,100,26.46
270,Puerto Escondido,MX,2022-01-31 01:55:09,15.85,-97.0667,76.96,82,1,3.58
271,Roswell,US,2022-01-31 01:52:44,34.0232,-84.3616,47.79,58,0,4.61
272,Paraiso,CR,2022-01-31 01:56:10,9.8383,-83.8656,65.26,94,65,4.38
273,Dunedin,NZ,2022-01-31 01:56:10,-45.8742,170.5036,68.45,69,17,10.98
274,Arroyo,ES,2022-01-31 01:56:10,41.6096,-4.7969,43.2,55,0,3.44
275,Biskamzha,RU,2022-01-31 01:56:10,53.4497,89.5272,-2.43,93,40,3.36
276,Bethel,US,2022-01-31 01:54:42,41.3712,-73.414,21.49,67,79,3.11
277,Verkhnyaya Toyma,RU,2022-01-31 01:56:11,62.2349,44.9985,-2.6,100,95,4.59
278,Stokmarknes,NO,2022-01-31 01:56:11,68.5646,14.9108,24.49,89,96,7.85
279,Lar,IN,2022-01-31 01:56:11,26.2039,83.9717,52.21,77,0,1.57
280,Pagudpud,PH,2022-01-31 01:56:12,18.5616,120.7868,76.96,80,91,19.15
281,Koslan,RU,2022-01-31 01:56:12,63.4564,48.8989,-1.44,99,98,4.03
282,Washougal,US,2022-01-31 01:53:09,45.5826,-122.3534,52.36,92,100,5.01
283,Tilichiki,RU,2022-01-31 01:56:13,60.4667,166.1,18.03,87,100,10.2
284,Makhachkala,RU,2022-01-31 01:56:13,42.9764,47.5024,21.18,64,2,2.1
285,Port Lincoln,AU,2022-01-31 01:56:13,-34.7333,135.8667,73.29,67,25,7.56
286,Yako,BF,2022-01-31 01:56:13,12.9667,-2.2667,68.47,14,2,9.89
287,Russell,US,2022-01-31 01:56:14,32.3502,-85.1999,52.88,73,1,5.5
288,Honiara,SB,2022-01-31 01:54:42,-9.4333,159.95,84.97,73,91,5.23
289,Jiayuguan,CN,2022-01-31 01:56:14,39.8167,98.3,16.12,41,100,4.88
290,Khuzdar,PK,2022-01-31 01:56:14,27.7384,66.6434,52.84,42,0,5.14
291,Nipawin,CA,2022-01-31 01:51:45,53.3668,-104.0009,21.24,93,100,5.75
292,Coquimbo,CL,2022-01-31 01:53:16,-29.9533,-71.3436,62.33,88,0,5.75
293,Katangli,RU,2022-01-31 01:56:15,51.7102,143.2326,4.91,94,100,19.48
294,Caruray,PH,2022-01-31 01:56:15,10.3094,119.0128,84.31,67,49,4.36
295,Hasaki,JP,2022-01-31 01:56:15,35.7333,140.8333,45.28,42,57,13.94
296,Nome,US,2022-01-31 01:56:16,64.5011,-165.4064,4.15,73,0,2.98
297,Kailaras,IN,2022-01-31 01:56:16,26.3167,77.6167,54.86,45,0,0.74
298,Cordoba,AR,2022-01-31 01:51:27,-31.4135,-64.1811,77.59,83,0,8.05
299,Santiago De Cuba,CU,2022-01-31 01:56:17,20.0247,-75.8219,66.92,82,95,7.45
300,Cabo San Lucas,MX,2022-01-31 01:56:15,22.8909,-109.9124,72.52,73,100,5.61
301,Puerto Del Rosario,ES,2022-01-31 01:56:17,28.5004,-13.8627,62.35,72,0,10.36
302,Caravelas,BR,2022-01-31 01:53:05,-17.7125,-39.2481,78.87,85,56,11.43
303,Umm Lajj,SA,2022-01-31 01:56:17,25.0213,37.2685,62.56,59,100,7.18
304,Farmington,US,2022-01-31 01:56:18,36.7281,-108.2187,38.21,31,0,3.0
305,Moses Lake,US,2022-01-31 01:56:18,47.1301,-119.2781,31.6,86,100,2.26
306,Goundam,ML,2022-01-31 01:56:18,16.4145,-3.6708,70.7,15,18,9.95
307,Asuncion,PY,2022-01-31 01:53:45,-25.3007,-57.6359,80.04,54,0,3.44
308,Sovetskiy,RU,2022-01-31 01:56:18,61.3614,63.5842,1.22,96,100,2.93
309,Almaznyy,RU,2022-01-31 01:56:19,48.0448,40.045,33.94,98,100,15.57
310,Nemuro,JP,2022-01-31 01:56:19,43.3236,145.575,18.03,58,16,13.27
311,Loiza,PR,2022-01-31 01:56:19,18.4313,-65.8802,75.58,89,0,6.96
312,Newport,GB,2022-01-31 01:56:20,51.5877,-2.9984,47.25,71,100,8.01
313,Cam Ranh,VN,2022-01-31 01:56:20,11.9214,109.1591,80.56,69,20,3.44
314,Billings,US,2022-01-31 01:52:00,45.7833,-108.5007,44.51,24,40,18.41
315,Srednekolymsk,RU,2022-01-31 01:52:43,67.45,153.6833,-28.1,100,99,0.85
316,Los Llanos De Aridane,ES,2022-01-31 01:56:20,28.6585,-17.9182,58.75,67,0,5.75
317,Charlestown,AU,2022-01-31 01:56:21,-32.95,151.6667,81.86,80,61,4.0
318,Kaposmero,HU,2022-01-31 01:56:21,46.3617,17.704,39.38,76,1,4.68
319,Las Palmas,ES,2022-01-31 01:56:21,28.4204,-14.0131,59.79,72,0,10.36
320,Saint-Francois,FR,2022-01-31 01:57:22,46.4154,3.9054,38.64,93,100,6.91
321,Gravelbourg,CA,2022-01-31 01:57:22,49.8834,-106.5512,26.87,85,100,5.61
322,Turukhansk,RU,2022-01-31 01:57:22,65.8167,87.9833,-1.79,92,99,10.98
323,Nantucket,US,2022-01-31 01:57:23,41.2835,-70.0995,20.97,55,13,18.19
324,Beidao,CN,2022-01-31 01:57:23,34.5686,105.8933,17.51,86,78,1.77
325,Konstantinovsk,RU,2022-01-31 01:57:23,47.5828,41.0922,34.79,96,100,15.7
326,Maracana,BR,2022-01-31 01:57:24,-0.7667,-47.45,73.02,98,100,0.92
327,Husavik,IS,2022-01-31 01:57:24,66.0449,-17.3389,21.11,61,80,31.41
328,Marsh Harbour,BS,2022-01-31 01:57:24,26.5412,-77.0636,63.14,61,90,9.33
329,Castelo Do Piaui,BR,2022-01-31 01:57:25,-5.3222,-41.5525,73.69,72,73,1.61
330,Volovo,UA,2022-01-31 01:57:25,48.5246,23.5056,27.45,97,100,2.91
331,Veisiejai,LT,2022-01-31 01:57:25,54.1,23.7,28.87,92,100,18.92
332,Vostok,RU,2022-01-31 01:53:56,46.4856,135.8833,-0.27,84,11,3.69
333,Gainesville,US,2022-01-31 01:57:01,29.6516,-82.3248,44.94,65,0,1.01
334,Faanui,PF,2022-01-31 01:57:26,-16.4833,-151.75,80.94,68,0,9.48
335,Ilulissat,GL,2022-01-31 01:57:26,69.2167,-51.1,-8.43,73,41,12.41
336,Alta,NO,2022-01-31 01:57:26,69.9689,23.2717,0.66,85,40,6.91
337,Arman,RU,2022-01-31 01:54:39,59.7,150.1667,8.82,77,100,15.64
338,San Cristobal,VE,2022-01-31 01:57:27,7.7669,-72.225,68.18,91,100,2.71
339,Cuamba,MZ,2022-01-31 01:57:27,-14.8031,36.5372,65.75,97,14,1.52
340,Kedougou,SN,2022-01-31 01:57:27,12.5579,-12.1743,78.76,16,11,3.56
341,Shalakusha,RU,2022-01-31 01:57:28,62.2247,40.2539,10.18,95,100,6.55
342,Wlodawa,PL,2022-01-31 01:57:28,51.55,23.55,35.91,82,100,20.54
343,Staunton,US,2022-01-31 01:52:56,38.1496,-79.0717,25.52,58,100,0.0
344,Kara-Tyube,RU,2022-01-31 01:57:28,44.6336,45.4369,32.16,89,16,7.31
345,Kpandu,GH,2022-01-31 01:57:28,6.9954,0.2931,75.33,29,60,2.71
346,Beyneu,KZ,2022-01-31 01:57:29,45.3167,55.2,32.5,83,100,14.99
347,Daru,PG,2022-01-31 01:57:29,-9.0763,143.2092,80.13,79,100,5.86
348,Puerto Madryn,AR,2022-01-31 01:57:29,-42.7692,-65.0385,58.93,38,9,1.36
349,Mountain Home,US,2022-01-31 01:53:09,43.133,-115.6912,24.78,100,0,6.91
350,Hobyo,SO,2022-01-31 01:57:30,5.3505,48.5268,76.12,81,100,14.92
351,Panguipulli,CL,2022-01-31 01:57:30,-39.6333,-72.3333,56.91,77,43,1.43
352,Zhezkazgan,KZ,2022-01-31 01:57:30,47.8043,67.7144,19.38,93,100,2.24
353,Ashford,GB,2022-01-31 01:57:31,51.1459,0.8728,47.14,85,74,22.95
354,Pevek,RU,2022-01-31 01:57:31,69.7008,170.3133,-17.73,99,90,2.8
355,Harper,LR,2022-01-31 01:57:31,4.375,-7.7169,78.31,86,74,3.24
356,Jinchang,CN,2022-01-31 01:54:00,38.4953,102.1739,17.74,39,100,6.67
357,Nouadhibou,MR,2022-01-31 01:57:32,20.931,-17.0347,64.38,63,100,17.27
358,Podosinovets,RU,2022-01-31 01:57:32,60.2776,47.0659,-4.83,100,92,4.09
359,Bykovo,RU,2022-01-31 01:57:32,55.6361,38.0803,27.01,93,75,13.42
360,Ekhabi,RU,2022-01-31 01:57:33,53.5102,142.9671,10.09,92,100,22.24
361,Farciennes,BE,2022-01-31 01:58:33,50.4301,4.5415,41.63,81,75,18.41
362,Phan Thiet,VN,2022-01-31 01:58:33,10.9333,108.1,81.88,62,75,14.07
363,Satuk,TR,2022-01-31 01:58:34,41.2263,32.3836,33.39,99,100,3.18
364,Yumen,CN,2022-01-31 01:58:34,40.2833,97.2,14.74,39,100,7.96
365,Cahir,IE,2022-01-31 01:58:34,52.3769,-7.9217,44.11,80,76,17.67
366,Timmins,CA,2022-01-31 01:58:34,48.4669,-81.3331,-2.38,78,75,4.61
367,Dingle,PH,2022-01-31 01:58:35,10.9995,122.6711,83.23,71,6,9.17
368,Talnakh,RU,2022-01-31 01:53:39,69.4865,88.3972,-16.51,93,72,9.35
369,Naze,JP,2022-01-31 01:58:35,28.3667,129.4833,54.52,56,98,16.46
370,Grand Gaube,MU,2022-01-31 01:58:35,-20.0064,57.6608,79.2,84,87,5.01
371,Hualmay,PE,2022-01-31 01:58:36,-11.0964,-77.6139,70.36,85,100,8.25
372,Oranjestad,AW,2022-01-31 01:58:36,12.524,-70.027,79.11,73,4,17.45
373,Kenai,US,2022-01-31 01:58:36,60.5544,-151.2583,21.29,92,0,3.44
374,Gayny,RU,2022-01-31 01:58:37,60.3071,54.3241,-5.39,100,83,2.64
375,Kysyl-Syr,RU,2022-01-31 01:58:37,63.8986,122.7617,-23.51,99,62,4.65
376,Chuy,UY,2022-01-31 01:55:14,-33.6971,-53.4616,70.03,80,0,12.33
377,Biak,ID,2022-01-31 01:58:37,-0.9131,122.8766,84.52,62,99,6.71
378,Aripuana,BR,2022-01-31 01:58:38,-9.1667,-60.6333,71.44,99,100,2.46
379,Kamina,CD,2022-01-31 01:58:38,-8.7386,24.9906,63.25,96,100,0.83
380,Road Town,VG,2022-01-31 01:58:38,18.4167,-64.6167,77.04,78,20,3.44
381,Guasdualito,VE,2022-01-31 01:58:39,7.2424,-70.7324,78.76,65,0,3.44
382,Humaita,BR,2022-01-31 01:55:58,-7.5061,-63.0208,72.73,97,100,2.59
383,Soma,TR,2022-01-31 01:58:39,39.1855,27.6094,41.99,84,77,4.18
384,Thinadhoo,MV,2022-01-31 01:57:10,0.5333,72.9333,81.79,74,18,12.64
385,Cacapava Do Sul,BR,2022-01-31 01:58:39,-30.5122,-53.4914,64.04,82,0,4.27
386,Manbij,SY,2022-01-31 01:58:40,36.5281,37.9549,36.37,93,100,10.36
387,Motala,SE,2022-01-31 01:58:40,58.5371,15.0365,28.18,61,3,8.86
388,Nioro,GM,2022-01-31 01:58:40,13.35,-15.75,77.45,28,100,6.64
389,Bima,ID,2022-01-31 01:58:41,-8.4667,118.7167,83.95,74,100,3.44
390,Ozernovskiy,RU,2022-01-31 01:55:06,51.5,156.5167,29.16,79,100,4.9
391,Charlottesville,US,2022-01-31 01:58:41,38.0293,-78.4767,29.41,96,53,1.79
392,Nhamunda,BR,2022-01-31 01:58:41,-2.1861,-56.7131,73.54,95,87,1.66
393,Mittagong,AU,2022-01-31 01:55:36,-34.45,150.45,80.62,44,16,4.7
394,Zeliezovce,SK,2022-01-31 01:58:42,48.0508,18.6542,40.03,71,13,18.25
395,Halifax,CA,2022-01-31 01:57:16,44.6453,-63.5724,25.21,75,97,5.99
396,Vung Tau,VN,2022-01-31 01:54:39,10.346,107.0843,80.29,75,8,22.12
397,Shishou,CN,2022-01-31 01:58:42,29.7226,112.419,42.08,68,100,4.03
398,Marsa Matruh,EG,2022-01-31 01:58:42,31.3525,27.2453,57.04,71,24,24.52
399,Havelock,US,2022-01-31 01:58:43,34.8791,-76.9013,46.94,72,67,5.79
400,Semikarakorsk,RU,2022-01-31 01:58:43,47.5194,40.8112,36.41,93,100,16.22
401,Arlit,NE,2022-01-31 01:58:43,18.7369,7.3853,58.32,17,5,8.48
402,Qeshm,IR,2022-01-31 01:58:44,26.9581,56.2719,60.69,70,0,6.91
403,Cockburn Town,TC,2022-01-31 01:58:44,21.4612,-71.1419,73.36,73,75,13.8
404,Sumenep,ID,2022-01-31 01:59:44,-7.0167,113.8667,82.92,77,100,8.39
405,Presidente Epitacio,BR,2022-01-31 01:59:44,-21.7633,-52.1156,72.9,94,100,5.41
406,Tangi,PK,2022-01-31 01:59:45,34.3006,71.6536,44.6,40,5,4.0
407,Yarensk,RU,2022-01-31 01:59:45,62.1675,49.0916,-10.82,100,81,2.3
408,Mahina,PF,2022-01-31 01:59:45,-17.5065,-149.489,83.97,70,75,14.97
409,Angoche,MZ,2022-01-31 01:59:46,-16.2325,39.9086,75.49,86,1,4.32
410,Rio Gallegos,AR,2022-01-31 01:55:01,-51.6226,-69.2181,51.85,43,75,26.46
411,Awbari,LY,2022-01-31 01:59:46,26.5921,12.7805,43.48,54,0,4.23
412,Waipawa,NZ,2022-01-31 01:56:14,-41.4122,175.5153,70.3,63,23,9.89
413,Berdigestyakh,RU,2022-01-31 01:59:46,62.0989,126.6992,-12.82,97,100,5.77
414,Sanjwal,PK,2022-01-31 01:59:47,33.7608,72.4336,47.95,52,3,3.06
415,Vieques,PR,2022-01-31 01:59:47,18.425,-65.8329,75.61,79,0,7.2
416,Touros,BR,2022-01-31 01:59:47,-5.1989,-35.4608,79.7,80,1,9.69
417,Bani,DO,2022-01-31 01:59:47,18.2833,-70.3333,74.64,84,10,5.08
418,Parrita,CR,2022-01-31 01:59:48,9.5201,-84.3225,80.37,81,12,2.51
419,Boralday,KZ,2022-01-31 01:59:48,43.3578,76.8594,21.06,93,100,4.47
420,Totness,SR,2022-01-31 01:59:48,5.8833,-56.3167,75.83,87,63,13.67
421,Ferkessedougou,CI,2022-01-31 01:59:49,9.6,-5.2,72.14,17,73,5.68
422,Skibbereen,IE,2022-01-31 01:59:49,51.55,-9.2667,44.4,73,79,17.54
423,Taoudenni,ML,2022-01-31 01:59:49,22.6783,-3.9836,68.85,13,69,16.96
424,Pascagoula,US,2022-01-31 01:56:00,30.3658,-88.5561,54.03,88,0,12.75
425,Kangaatsiaq,GL,2022-01-31 01:59:49,68.3065,-53.4641,-7.87,91,90,11.01
426,Piranshahr,IR,2022-01-31 01:59:50,36.701,45.1413,16.81,87,31,5.46
427,Loudi,CN,2022-01-31 01:59:50,27.7344,111.9944,36.25,100,100,1.86
428,Eureka,US,2022-01-31 01:59:50,40.8021,-124.1637,52.25,84,100,0.67
429,Airai,TL,2022-01-31 01:56:27,-8.9266,125.4092,71.01,65,93,6.82
430,Verbilki,RU,2022-01-31 01:59:51,56.5333,37.6,25.47,93,100,10.47
431,Mogadishu,SO,2022-01-31 01:59:51,2.0371,45.3438,76.69,78,100,17.05
432,Dingzhou,CN,2022-01-31 01:59:51,38.5131,114.9956,32.11,23,0,11.32
433,Asfi,MA,2022-01-31 01:59:52,32.2994,-9.2372,64.31,49,57,7.65
434,Lesnoy,RU,2022-01-31 01:59:52,57.6198,63.0784,5.65,97,100,2.06
435,Hervey Bay,AU,2022-01-31 01:59:52,-25.2986,152.8535,87.91,68,18,9.28
436,San Angelo,US,2022-01-31 01:56:23,31.4638,-100.437,60.55,37,100,1.99
437,Celestun,MX,2022-01-31 01:59:53,20.8667,-90.4,66.67,65,0,12.91
438,Caxito,AO,2022-01-31 01:59:53,-8.5785,13.6643,73.51,97,100,1.86
439,Igrim,RU,2022-01-31 01:59:53,63.1906,64.4162,-9.69,100,100,3.11
440,Kruisfontein,ZA,2022-01-31 01:59:54,-34.0033,24.7314,64.89,95,100,3.49
441,Thyolo,MW,2022-01-31 01:59:54,-16.0678,35.1405,61.9,95,10,1.59
442,Muhos,FI,2022-01-31 01:59:54,64.808,25.9931,8.38,92,100,6.17
443,Cascais,PT,2022-01-31 01:59:54,38.6979,-9.4215,56.55,39,0,5.01
444,Bereda,ES,2022-01-31 01:59:55,43.2686,-7.5406,45.91,100,92,5.19
445,Bajil,YE,2022-01-31 02:00:55,15.0584,43.2851,73.47,73,9,2.77
446,Batemans Bay,AU,2022-01-31 02:00:55,-35.7167,150.1833,87.19,68,95,8.3
447,Warwick,US,2022-01-31 01:59:23,41.7001,-71.4162,18.09,68,12,5.37
448,Palmerston,AU,2022-01-31 02:00:56,-12.486,130.9833,88.9,74,40,23.02
449,Gat,IL,2022-01-31 02:00:56,31.61,34.7642,47.39,65,96,6.67
450,Port-Gentil,GA,2022-01-31 02:00:57,-0.7193,8.7815,80.76,79,94,8.95
451,Inirida,CO,2022-01-31 02:00:57,3.8653,-67.9239,74.41,60,4,1.99
452,Tommot,RU,2022-01-31 02:00:57,58.9564,126.2925,-4.43,93,100,7.43
453,Karratha,AU,2022-01-31 02:00:58,-20.7377,116.8463,98.06,32,38,7.56
454,Horsham,GB,2022-01-31 02:00:58,51.064,-0.3272,47.1,72,40,16.11
455,Luzhou,CN,2022-01-31 02:00:58,28.8724,105.4405,46.38,76,88,2.04
456,Marsaxlokk,MT,2022-01-31 02:00:58,35.8419,14.5431,57.07,82,40,10.36
457,Boende,CD,2022-01-31 02:00:59,-0.2167,20.8667,76.15,36,100,2.46
458,Novopskov,UA,2022-01-31 02:00:59,49.5464,39.0899,31.75,93,100,14.52
459,Vilyuysk,RU,2022-01-31 02:01:00,63.7553,121.6247,-23.91,98,85,4.65
460,Racine,US,2022-01-31 02:01:00,42.7495,-88.0751,26.51,76,100,0.0
461,Goderich,CA,2022-01-31 02:01:00,43.7501,-81.7165,26.91,91,95,6.76
462,Perth,AU,2022-01-31 02:00:44,-31.9333,115.8333,80.67,48,20,19.57
463,Tuatapere,NZ,2022-01-31 02:01:01,-46.1333,167.6833,70.83,63,90,6.85
464,Veraval,IN,2022-01-31 02:01:01,20.9,70.3667,64.31,61,3,8.99
465,Bodden Town,KY,2022-01-31 02:01:01,19.2833,-81.25,69.01,63,36,5.01
466,Pedernales,DO,2022-01-31 02:01:02,18.0384,-71.744,76.71,77,17,1.54
467,Bagdarin,RU,2022-01-31 02:01:02,54.4333,113.6,-7.92,87,25,1.9
468,Ambilobe,MG,2022-01-31 02:01:02,-13.2,49.05,73.22,95,66,1.07
469,Civitavecchia,IT,2022-01-31 02:01:03,42.0933,11.7967,48.61,88,0,7.74
470,Aberdeen,GB,2022-01-31 02:01:03,57.1437,-2.0981,41.49,80,75,37.98
471,Mopipi,BW,2022-01-31 02:01:03,-21.1833,24.8833,71.92,77,100,13.44
472,Krasnyy Yar,RU,2022-01-31 01:58:43,46.5331,48.3456,22.93,90,28,2.17
473,Tumaco,CO,2022-01-31 02:01:04,1.7986,-78.8156,75.07,87,100,2.06
474,Yinchuan,CN,2022-01-31 02:01:04,38.4681,106.2731,17.17,31,77,1.59
475,Rensvik,NO,2022-01-31 02:01:04,63.1,7.8167,28.67,93,100,4.61
476,Barcelos,PT,2022-01-31 02:01:05,41.5388,-8.6151,45.68,61,0,3.98
477,Panaba,MX,2022-01-31 02:01:05,21.2833,-88.2667,61.36,71,0,7.92
478,Ornskoldsvik,SE,2022-01-31 02:01:05,63.2909,18.7153,18.55,93,11,8.05
479,Lawrenceburg,US,2022-01-31 02:01:06,38.0373,-84.8966,34.52,64,0,6.91
480,Ankang,CN,2022-01-31 02:01:06,32.68,109.0172,41.99,59,100,1.79
481,Campina Grande Do Sul,BR,2022-01-31 02:01:06,-25.3056,-49.0553,68.41,91,100,2.28
482,Bismarck,US,2022-01-31 01:59:29,46.8083,-100.7837,34.88,75,0,1.99
483,Bage,BR,2022-01-31 02:01:07,-31.3314,-54.1069,70.65,72,9,13.2
484,Fortuna,US,2022-01-31 02:01:07,40.5982,-124.1573,51.98,85,75,0.0
485,Katobu,ID,2022-01-31 02:01:08,-4.9408,122.5276,85.84,65,91,4.88
486,Dong Xoai,VN,2022-01-31 02:01:08,11.5333,106.9167,82.96,59,21,3.09
487,Kumeny,RU,2022-01-31 02:01:08,58.1089,49.9161,0.97,100,99,4.99
488,Shahr-E Babak,IR,2022-01-31 02:01:09,30.1165,55.1186,40.33,69,61,4.05
489,Sao Joao Da Barra,BR,2022-01-31 02:01:09,-21.6403,-41.0511,74.12,93,85,7.92
490,Lavumisa,SZ,2022-01-31 02:02:09,-27.31,31.892,67.86,96,86,1.39
491,Sirnak,TR,2022-01-31 02:02:09,37.5228,42.4594,17.08,81,70,7.94
492,Petropavlovsk-Kamchatskiy,RU,2022-01-31 02:02:10,53.0452,158.6483,23.59,74,75,8.95
493,Lianzhou,CN,2022-01-31 02:02:10,24.7811,112.3825,41.67,89,100,4.41
494,Noumea,NC,2022-01-31 02:02:10,-22.2763,166.4572,87.78,78,98,7.49
495,Erenhot,CN,2022-01-31 02:02:11,43.6475,111.9767,4.98,83,98,12.93
496,Daan,CN,2022-01-31 02:02:11,33.0558,106.2958,38.37,57,13,2.73
497,Shemordan,RU,2022-01-31 02:02:11,56.1856,50.3972,2.77,100,100,3.96
498,Bicas,BR,2022-01-31 02:02:11,-21.7253,-43.0594,71.56,94,100,4.47
499,Ibiapina,BR,2022-01-31 02:02:12,-3.9233,-40.8894,65.12,75,98,1.97
500,Meadow Lake,US,2022-01-31 02:02:12,34.8014,-106.5436,41.49,80,100,2.13
501,Biloela,AU,2022-01-31 02:02:12,-24.4167,150.5,90.43,39,54,1.52
502,Chupa,RU,2022-01-31 02:02:13,66.27,33.0549,-6.0,100,100,2.42
503,Bay Saint Louis,US,2022-01-31 02:02:13,30.3088,-89.33,57.07,80,0,9.46
504,Linxia,CN,2022-01-31 02:02:13,35.6003,103.2064,13.44,82,98,3.42
505,Mildura,AU,2022-01-31 02:02:14,-34.2,142.15,97.07,23,11,3.15
506,Fuyang,CN,2022-01-31 02:02:14,32.9,115.8167,40.37,66,100,8.5
507,Xai-Xai,MZ,2022-01-31 02:02:14,-25.0519,33.6442,74.95,77,83,3.36
508,Chlumec Nad Cidlinou,CZ,2022-01-31 02:02:15,50.1544,15.4603,39.25,77,100,13.24
509,Dezful,IR,2022-01-31 02:02:15,32.3811,48.4058,49.41,35,72,3.15
510,Along,IN,2022-01-31 02:02:15,28.1667,94.7667,51.13,59,3,0.81
511,Belaya Gora,RU,2022-01-31 02:02:16,68.5333,146.4167,-27.85,99,96,1.43
512,Tateyama,JP,2022-01-31 02:02:16,34.9833,139.8667,44.62,44,100,14.58
513,Vardo,NO,2022-01-31 02:02:16,70.3705,31.1107,30.54,62,86,15.64
514,Longyearbyen,SJ,2022-01-31 02:02:11,78.2186,15.6401,8.44,66,20,18.41
515,Ampanihy,MG,2022-01-31 02:02:17,-24.7,44.75,67.55,85,64,7.52
516,Remontnoye,RU,2022-01-31 02:02:17,46.5614,43.6501,32.49,87,100,14.36
517,Evensk,RU,2022-01-31 02:02:18,61.95,159.2333,22.26,81,100,21.52
518,Hamilton,US,2022-01-31 01:58:40,39.1834,-84.5333,30.99,71,59,1.99
519,Aurangabad,IN,2022-01-31 02:02:18,19.8833,75.3333,60.84,35,0,2.37
520,Belaya,UA,2022-01-31 02:02:18,49.029,25.7706,36.99,80,100,27.78
521,Narasannapeta,IN,2022-01-31 02:02:19,18.4167,84.05,65.86,80,5,3.91
522,Mirabad,AF,2022-01-31 02:02:19,30.4362,61.8383,49.55,45,71,5.73
523,Palafrugell,ES,2022-01-31 02:02:19,41.9174,3.1631,45.34,63,14,2.84
524,Olafsvik,IS,2022-01-31 02:02:19,64.8945,-23.7142,26.82,55,100,22.59
525,West Bay,KY,2022-01-31 02:02:20,19.3667,-81.4167,69.08,65,12,1.01
526,Miraflores,MX,2022-01-31 02:02:20,19.2167,-98.8083,66.87,67,19,3.53
527,Marienburg,PL,2022-01-31 02:02:20,54.0359,19.0266,35.89,72,23,13.29
528,Yubari,JP,2022-01-31 02:02:21,43.0378,141.9578,18.48,87,100,4.36
529,Malinovoye Ozero,RU,2022-01-31 02:02:21,51.6753,79.7825,13.84,95,100,6.06
530,San Buenaventura,MX,2022-01-31 02:02:21,27.0833,-101.5333,64.47,43,50,5.41
531,Sinnamary,GF,2022-01-31 02:02:21,5.3833,-52.95,76.64,86,64,11.72
532,Nezhinskiy,RU,2022-01-31 02:02:22,43.9283,42.6856,24.89,69,69,8.43
533,Belyy Yar,RU,2022-01-31 02:02:22,53.6039,91.3903,-23.15,82,75,2.24
534,Mahibadhoo,MV,2022-01-31 02:02:23,3.7833,72.9667,81.7,76,4,13.22
535,Salalah,OM,2022-01-31 01:59:07,17.0151,54.0924,65.46,59,0,2.8
536,Ranot,TH,2022-01-31 02:03:23,7.7777,100.3213,81.97,68,14,8.32
537,Zhashkiv,UA,2022-01-31 02:03:23,49.2454,30.1102,31.28,80,100,18.81
538,Tyukhtet,RU,2022-01-31 02:03:23,56.5389,89.3011,-5.04,96,33,5.06
539,Mitchell,US,2022-01-31 02:03:24,43.7094,-98.0298,24.78,68,0,11.5
540,Sayansk,RU,2022-01-31 02:03:24,54.1088,102.1648,-3.86,96,100,2.37
541,Mitsamiouli,KM,2022-01-31 02:03:24,-11.3847,43.2844,80.62,75,8,3.4
542,Sturgeon Falls,CA,2022-01-31 02:03:25,46.3646,-79.9326,6.89,97,100,3.09
543,Katsuura,JP,2022-01-31 02:03:25,35.1333,140.3,44.71,38,97,10.87
544,Casablanca,MA,2022-01-31 02:00:48,33.5928,-7.6192,60.33,63,84,1.99
545,Dzilam Gonzalez,MX,2022-01-31 02:03:26,21.2833,-88.9333,63.48,66,0,6.49
546,Bambanglipuro,ID,2022-01-31 02:03:26,-7.95,110.2833,71.6,74,99,5.21
547,Constitucion,CL,2022-01-31 02:03:26,-35.3333,-72.4167,57.45,81,0,14.47
548,Kampot,KH,2022-01-31 02:03:26,10.6167,104.1833,82.45,77,60,7.52
549,Paracuru,BR,2022-01-31 02:03:27,-3.41,-39.0306,82.42,81,96,12.53
550,Bull Savanna,JM,2022-01-31 02:03:27,17.8868,-77.5902,69.57,82,42,8.32
